{"node": 1, "alphas": [0.16774647631483278, 0.1656099334197502, 0.1656099334197502, 0.16773231149865483, 0.16769141192726178, 0.1656099334197502], "model_0": {"nlabel": 2, "ncomponent": 2, "means": [[1.156006994863288, -0.23621201400447017], [5.1290298266890595, 3.87869223852077]], "stds": [[0.9990056313851086, 0.999818573309617], [0.9948027982273661, 0.999640591063166]], "weights": [[0.500104051054384, 0.499895948945616], [0.5007283573806881, 0.4992716426193119]]}, "model_1": {"nlabel": 2, "ncomponent": 2, "means": [[2.145752567392363, 1.308171203585015], [-0.03200196479593683, 1.050102358518973]], "stds": [[0.9992420487990311, 0.9998332943269919], [1.0, 1.0]], "weights": [[0.5000969117457036, 0.4999030882542964], [-0.41981747225785027, -1.7320879150895072]]}, "model_2": {"nlabel": 2, "ncomponent": 2, "means": [[1.7699629254309508, 3.4574133795185182], [0.3828265456607302, 0.49712334655060175]], "stds": [[0.9994602579448227, 0.9998332674995828], [1.0, 1.0]], "weights": [[0.5001937108542649, 0.4998062891457351], [-1.223762578417285, -0.4745338634667012]]}, "model_3": {"nlabel": 2, "ncomponent": 2, "means": [[1.7675413221815495, 2.363828535536518], [5.1005912935404005, 6.20222849798774]], "stds": [[0.9998182758761957, 0.9968708161030886], [0.9980766705054311, 0.9998174098288739]], "weights": [[0.49979098446317843, 0.5002090155368216], [0.5002101576182136, 0.49978984238178636]]}, "model_4": {"nlabel": 2, "ncomponent": 2, "means": [[1.5441158843531508, 0.07665820941727627], [5.604831244415404, 4.493162162640146]], "stds": [[0.9964178830146397, 0.999815153311649], [0.9998160906346298, 0.9998159849775238]], "weights": [[0.5007444696539989, 0.4992555303460011], [0.5001056338028169, 0.4998943661971831]]}, "model_5": {"nlabel": 2, "ncomponent": 2, "means": [[0.8659713579483967, -1.7502992098425716], [5.800539234185375, 4.946624707301183]], "stds": [[1.0, 1.0], [0.9988098530810198, 0.9992691232825155]], "weights": [[-0.835991770144003, -0.8981519042334458], [0.49971072255078425, 0.5002892774492157]]}}