{"node": 1, "alphas": [0.29278471677651635, 0.11690279639205318, 0.29513761904560526, 0.2951748677858252], "model_0": {"nlabel": 2, "ncomponent": 2, "means": [[0.9407210884736242, 3.187662868222304], [6.112773684922196, 4.893364108339007]], "stds": [[0.99953874683756, 0.998093134985304], [0.9953474262333187, 0.9908301963455494]], "weights": [[0.5, 0.5], [0.49814677238464355, 0.5018532276153564]]}, "model_1": {"nlabel": 2, "ncomponent": 2, "means": [[1.855558169565606, 1.2478117611419235], [3.9817729983140384, 4.562778971101184]], "stds": [[0.9980182262336388, 0.9980399868814955], [0.9980834096777007, 0.9991255508015328]], "weights": [[0.5, 0.5], [0.5, 0.5]]}, "model_2": {"nlabel": 2, "ncomponent": 2, "means": [[3.560027204530383, 1.777681544488289], [5.171522190134949, 6.276275182286549]], "stds": [[0.9995597835689292, 0.9725634711437465], [0.9990829629185103, 0.9995634261851811]], "weights": [[0.5, 0.5], [0.5005256533622742, 0.49947434663772583]]}, "model_3": {"nlabel": 2, "ncomponent": 2, "means": [[2.4734059277938854, 0.5632641298827332], [4.097530919493485, 5.462906539754919]], "stds": [[0.9995641809513075, 0.9995643592777135], [0.9995648955206248, 0.9995645929085766]], "weights": [[0.5, 0.5], [0.5002596974372864, 0.4997403025627136]]}}