{"node": 6, "alphas": [0.024472406811883812, 0.024467613321624816, 0.024060615799101175, 0.024469038266401292, 0.0244602480286391, 0.024472936681664486, 0.02445570481367382, 0.02415867249605718, 0.02442156071720782, 0.02447663060256773, 0.02447223006755891, 0.024471522483828192, 0.024471699470808773, 0.024295357928828275, 0.024453693047620982, 0.024290603039667406, 0.02401421074813942, 0.0244645721760993, 0.024462594775317606, 0.02404869728170808, 0.02446921610794913, 0.024461151887876394, 0.024458979958110732, 0.024284787834155795, 0.024464213212240148, 0.02401205771134613, 0.02445716300216863, 0.024461873836279728, 0.02398911647615099, 0.024463134818895872, 0.024467256469317945, 0.024460971242730792, 0.024452959545985423, 0.024468148137468275, 0.024464392725405702, 0.02446921610794913, 0.024460971242730792, 0.024461873836279728, 0.024471876397062983, 0.024469571607144767, 0.024470459284352878], "model_0": {"nlabel": 2, "ncomponent": 2, "means": [[-5.512814557212939, -1.5847901690756583], [3.8881925094045937, 9.030470659916961]], "stds": [[0.9993887879205938, 0.999388904859095], [0.9994535492680919, 0.9989346403698789]], "weights": [[0.5, 0.5], [0.5, 0.5]]}, "model_1": {"nlabel": 2, "ncomponent": 2, "means": [[0.31823089859981757, -4.495125821432285], [13.447724547387502, 9.562773993326259]], "stds": [[0.999375828621339, 0.9980588913916821], [0.9995032461197855, 0.9985229733270827]], "weights": [[0.5003859996795654, 0.49961403012275696], [0.5, 0.5]]}, "model_2": {"nlabel": 2, "ncomponent": 2, "means": [[7.324620048655483, 4.5938774195982], [4.159201811396395, 0.7748696745613873]], "stds": [[0.9934924065074677, 0.9975368094753722], [0.9984847886216734, 0.9991885216199381]], "weights": [[0.5, 0.5], [0.5009936690330505, 0.49900636076927185]]}, "model_3": {"nlabel": 2, "ncomponent": 2, "means": [[-4.42842991853172, 1.6976169179308462], [8.985205822389547, 12.729658792285576]], "stds": [[0.999385000569643, 0.9993851760994577], [0.9994994591072672, 0.9994992892439671]], "weights": [[0.5, 0.5], [0.5, 0.5]]}, "model_4": {"nlabel": 2, "ncomponent": 2, "means": [[-3.3448741094200467, -0.6955673739606655], [5.044360880269508, 8.09037731802017]], "stds": [[0.9985907584489716, 0.9977837863119154], [0.9979739350911446, 0.9988926440551577]], "weights": [[0.49960488080978394, 0.5003951191902161], [0.5006179213523865, 0.4993821084499359]]}, "model_5": {"nlabel": 2, "ncomponent": 2, "means": [[-2.085506267100784, -9.222378312817826], [10.760435133989485, 7.339693088425686]], "stds": [[0.999399257304316, 0.9993977331679422], [0.9984657306771451, 0.9994970957151437]], "weights": [[0.5003727674484253, 0.4996272623538971], [0.5003110766410828, 0.4996889531612396]]}, "model_6": {"nlabel": 2, "ncomponent": 2, "means": [[-7.53399093158496, 4.054287771146411], [2.241201518091954, 5.820487880122736]], "stds": [[0.9993635217237438, 0.9993625922042346], [0.9994905662585478, 0.999489675095624]], "weights": [[0.5003938674926758, 0.49960610270500183], [0.5003162026405334, 0.49968382716178894]]}, "model_7": {"nlabel": 2, "ncomponent": 2, "means": [[-2.790683185162474, 1.1340429100574658], [7.786024653450467, 6.430157137867199]], "stds": [[0.9984885829698747, 0.9984868396495925], [0.9985415812673216, 0.9984660486479646]], "weights": [[0.5, 0.5], [0.5, 0.5]]}, "model_8": {"nlabel": 2, "ncomponent": 2, "means": [[-7.807303037978507, -9.880519788298653], [7.494976198670641, 5.985772646140625]], "stds": [[0.9985168675216866, 0.9993231788488952], [0.9994527708980017, 0.9994520882810565]], "weights": [[0.5004182457923889, 0.4995817244052887], [0.5, 0.5]]}, "model_9": {"nlabel": 2, "ncomponent": 2, "means": [[-10.637869446477827, -2.3110413987430176], [10.98710781400359, 13.77245861546979]], "stds": [[0.9993848141420802, 0.9989679148276067], [0.9995125579785087, 0.9995124267152757]], "weights": [[0.4996187388896942, 0.5003812909126282], [0.5, 0.5]]}, "model_10": {"nlabel": 2, "ncomponent": 2, "means": [[-2.4566103160064596, -5.511232787227637], [5.370053914408155, 8.210502520799922]], "stds": [[0.9974300509767505, 0.9993864511988813], [0.9995025939251144, 0.9977971097787175]], "weights": [[0.5007573366165161, 0.4992426633834839], [0.49969276785850525, 0.5003072619438171]]}, "model_11": {"nlabel": 2, "ncomponent": 2, "means": [[-18.009947058082915, -0.902048136800599], [7.485628118208929, 5.689845255187291]], "stds": [[0.9993754184086863, 0.9949245356148411], [0.9990540458164819, 0.999510159275229]], "weights": [[0.5003877878189087, 0.4996122121810913], [0.5, 0.5]]}, "model_12": {"nlabel": 2, "ncomponent": 2, "means": [[-4.221207777629617, -1.1829473926463094], [12.607419841951877, 10.746662513899054]], "stds": [[0.9994055896126046, 0.9980385437905247], [0.9994892989532902, 0.9994889895217915]], "weights": [[0.4996338188648224, 0.5003662109375], [0.50031578540802, 0.49968421459198]]}, "model_13": {"nlabel": 2, "ncomponent": 2, "means": [[-0.2518494647445907, -7.404325212399206], [12.004002037765883, 3.614120847525843]], "stds": [[0.9978156575990361, 0.9990272019612111], [0.9990749626537555, 0.9993580866829661]], "weights": [[0.5, 0.5], [0.5003920197486877, 0.49960798025131226]]}, "model_14": {"nlabel": 2, "ncomponent": 2, "means": [[-1.3285180972910924, -2.9909329386075263], [7.89934664965247, 13.025224888011156]], "stds": [[0.9992246110883701, 0.9994113428979591], [0.9989170562483695, 0.9994490732772032]], "weights": [[0.5007286667823792, 0.49927136301994324], [0.5003393292427063, 0.4996606409549713]]}, "model_15": {"nlabel": 2, "ncomponent": 2, "means": [[-2.7574350554661704, 4.180900999635252], [6.41098004783838, 9.668497254665791]], "stds": [[0.9979381933291257, 0.9989846749193106], [0.9993655329534523, 0.9993656326595206]], "weights": [[0.5012556314468384, 0.49874433875083923], [0.5, 0.5]]}, "model_16": {"nlabel": 2, "ncomponent": 2, "means": [[5.116668856516552, 9.894118217788753], [0.5893956552862607, -2.257674422514722]], "stds": [[0.9954785983147099, 0.99801000358684], [0.9977652793100836, 0.9989940730066792]], "weights": [[0.5012273192405701, 0.4987727105617523], [0.501215934753418, 0.49878403544425964]]}, "model_17": {"nlabel": 2, "ncomponent": 2, "means": [[-4.363517736177205, -2.02474187283784], [4.592427662294874, 3.576211276432664]], "stds": [[0.9994007899614592, 0.9994007080562036], [0.9976271006807834, 0.9989430529674357]], "weights": [[0.5, 0.5], [0.5003201961517334, 0.4996797740459442]]}, "model_18": {"nlabel": 2, "ncomponent": 2, "means": [[1.598320758812868, -1.3158066867546967], [14.871259746894832, 11.887598604396558]], "stds": [[0.9987828664013025, 0.9993766198307543], [0.9994935079592021, 0.9991279553888615]], "weights": [[0.5, 0.5], [0.5, 0.5]]}, "model_19": {"nlabel": 2, "ncomponent": 2, "means": [[9.155195910129345, 6.4791340571823755], [3.1689696412208956, -1.4541147852941123]], "stds": [[0.9974687516968884, 0.995915903382144], [0.9991721061445726, 0.9981731817562569]], "weights": [[0.4984634220600128, 0.5015365481376648], [0.5, 0.5]]}, "model_20": {"nlabel": 2, "ncomponent": 2, "means": [[0.07091834478690796, -1.291903307609218], [11.14298244602192, 9.783252539695052]], "stds": [[0.9994010357923045, 0.9984373610602189], [0.9994885232742857, 0.9994878037292383]], "weights": [[0.49963000416755676, 0.5003699660301208], [0.50031578540802, 0.49968421459198]]}, "model_21": {"nlabel": 2, "ncomponent": 2, "means": [[-0.7071687625743147, -3.4344718502113545], [12.420933381707242, 6.690457035337716]], "stds": [[0.9979662144144543, 0.999382882464739], [0.9993768170694414, 0.9994856282885213]], "weights": [[0.5007607936859131, 0.4992392063140869], [0.500318169593811, 0.4996818006038666]]}, "model_22": {"nlabel": 2, "ncomponent": 2, "means": [[-3.5082427319535254, -11.14046979579544], [3.407589839893347, 7.699019968287841]], "stds": [[0.9993958358700717, 0.9993947905133052], [0.9989608498979834, 0.9994737405401316]], "weights": [[0.5003727674484253, 0.4996272623538971], [0.5003247857093811, 0.4996751844882965]]}, "model_23": {"nlabel": 2, "ncomponent": 2,