{"Si_fit": [[0.6476524703728184, 0.678100999336515, 0.6940067959644189], [0.6491757252038458, 0.6785931951782179, 0.6940067959644189], [0.6526743368632473, 0.6797313713705643, 0.6940067959644189], [0.6583186811379836, 0.6815903333078444, 0.6940067959644189], [0.6656494821266806, 0.6840469400144937, 0.6940067959644189], [0.6735152672389879, 0.6867363567052484, 0.6940067959644189], [0.6805303718479843, 0.6891821057653277, 0.6940067959644189], [0.6857690180514523, 0.6910377664252224, 0.6940067959644189], [0.6891001800410526, 0.6922308383922317, 0.6940067959644189], [0.6909594451752105, 0.6929011860348829, 0.6940067959644189], [0.6919118361028748, 0.6932458008600307, 0.6940067959644189], [0.6923858495482469, 0.693417631092001, 0.6940067959644189], [0.6926309177824814, 0.6935065499750342, 0.6940067959644189], [0.69277169091221, 0.6935576522517998, 0.6940067959644189], [0.6928654018276003, 0.6935916805623622, 0.6940067959644189], [0.6929372469247106, 0.6936177744580215, 0.6940067959644189], [0.6929981397347742, 0.6936398942591451, 0.6940067959644189], [0.6930528106103065, 0.6936597568155037, 0.6940067959644189], [0.6931033459506811, 0.6936781193442062, 0.6940067959644189], [0.6931507061138811, 0.6936953302851689, 0.6940067959644189]], "Sg_fit": [0.6940067959644189, 0.6940067959644189, 0.6940067959644189, 0.6940067959644189, 0.6940067959644189, 0.6940067959644189, 0.6940067959644189, 0.6940067959644189, 0.6940067959644189, 0.6940067959644189, 0.6940067959644189, 0.6940067959644189, 0.6940067959644189, 0.6940067959644189, 0.6940067959644189, 0.6940067959644189, 0.6940067959644189, 0.6940067959644189, 0.6940067959644189, 0.6940067959644189], "L": [[0.6718897568203799, 0.4998708897470712, 0.4013262737328988], [0.6637728523277555, 0.4969145512666461, 0.4013262737328988], [0.6449416339048668, 0.4900558459920597, 0.4013262737328988], [0.6139999939789824, 0.47878628370467896, 0.4013262737328988], [0.5727562895851098, 0.4637645040982193, 0.4013262737328988], [0.5271368176173968, 0.4471489826814801, 0.4013262737328988], [0.4852223417622554, 0.4318828947325579, 0.4013262737328988], [0.4531459043416741, 0.42020001656791, 0.4013262737328988], [0.4323966870607321, 0.4126427378612194, 0.4013262737328988], [0.4206948666871884, 0.40838070152793926, 0.4013262737328988], [0.4146669285462436, 0.40618520625016546, 0.4013262737328988], [0.41165820032730643, 0.40508936743391877, 0.4013262737328988], [0.41010042845041583, 0.404521995851863, 0.4013262737328988], [0.4092049157912739, 0.40419583228343187, 0.4013262737328988], [0.4086085045636147, 0.40397860742091335, 0.4013262737328988], [0.4081511041366856, 0.403812013064121, 0.4013262737328988], [0.4077633283032194, 0.40367077737269497, 0.4013262737328988], [0.40741509433650996, 0.40354394361767054, 0.4013262737328988], [0.40709313451577567, 0.40342667943055927, 0.4013262737328988], [0.4067913446145936, 0.40331676153036977, 0.4013262737328988]], "DETR": [[1.0, 1.0, 1.0], [1.0, 1.0, 1.0], [1.0, 1.0, 1.0], [1.0, 1.0, 1.0], [1.0, 1.0, 1.0], [1.0, 1.0, 1.0], [1.0, 1.0, 1.0], [1.0, 1.0, 1.0], [1.0, 1.0, 1.0], [1.0, 1.0, 1.0], [1.0, 1.0, 1.0], [1.0, 1.0, 1.0], [1.0, 1.0, 1.0], [1.0, 1.0, 1.0], [1.0, 1.0, 1.0], [1.0, 1.0, 1.0], [1.0, 1.0, 1.0], [1.0, 1.0, 1.0], [1.0, 1.0, 1.0], [1.0, 1.0, 1.0]], "FAR": [[0.01, 0.01, 0.01], [0.01, 0.01, 0.01], [0.01, 0.01, 0.01], [0.01, 0.01, 0.01], [0.01, 0.01, 0.01], [0.01, 0.01, 0.01], [0.01, 0.01, 0.01], [0.01, 0.01, 0.01], [0.01, 0.01, 0.01], [0.01, 0.01, 0.01], [0.01, 0.01, 0.01], [0.01, 0.01, 0.01], [0.01, 0.01, 0.01], [0.01, 0.01, 0.01], [0.01, 0.01, 0.01], [0.01, 0.01, 0.01], [0.01, 0.01, 0.01], [0.01, 0.01, 0.01], [0.01, 0.01, 0.01], [0.01, 0.01, 0.01]]}