{"Si_fit": [[0.18499249996249978, -0.15277853645352035, -0.5315858281242578], [0.18499249996249978, -0.1400867537715405, -0.49642725110125724], [0.18499249996249978, -0.12550498095774415, -0.4572806495020512], [0.18499249996249978, -0.11121463442201301, -0.4201104879250324], [0.18499249996249978, -0.0976110078042462, -0.3857408111281972], [0.18499249996249978, -0.08472962408807333, -0.35404308925238387], [0.18499249996249978, -0.07253702537327406, -0.3247498800014386], [0.18499249996249978, -0.06098945915013032, -0.2976044108158216], [0.18499249996249978, -0.050044386934869345, -0.2723824590227094], [0.18499249996249978, -0.0396624503847674, -0.24889091537491675], [0.18499249996249978, -0.029807545556389953, -0.22696304477337076], [0.18499249996249978, -0.02044655555331859, -0.2064540544561812], [0.18499249996249978, -0.011549050736038291, -0.18723744577167395], [0.18499249996249978, -0.003087013853056486, -0.1692020719057667], [0.18499249996249978, 0.004965402937928326, -0.1522497600050799], [0.18499249996249978, 0.012632091671403167, -0.13629337587440749], [0.18499249996249978, 0.019935176590600345, -0.12125523661161508], [0.18499249996249978, 0.026895180098012617, -0.10706579884494233], [0.18499249996249978, 0.03353116966455599, -0.09366256709361215], [0.18499249996249978, 0.03986088826104506, -0.08098917935883337]], "Sg_fit": [0.18499249996249978, 0.18499249996249978, 0.18499249996249978, 0.18499249996249978, 0.18499249996249978, 0.18499249996249978, 0.18499249996249978, 0.18499249996249978, 0.18499249996249978, 0.18499249996249978, 0.18499249996249978, 0.18499249996249978, 0.18499249996249978, 0.18499249996249978, 0.18499249996249978, 0.18499249996249978, 0.18499249996249978, 0.18499249996249978, 0.18499249996249978, 0.18499249996249978], "L": [[2e-05, 0.7252172159801472, 1.2307202490597406], [2e-05, 0.7034612995007428, 1.1937992415879486], [2e-05, 0.6780068772198395, 1.1506016628459517], [2e-05, 0.6525763864470637, 1.1074446972121736], [2e-05, 0.6279135966990966, 1.065590563169053], [2e-05, 0.6041442308485303, 1.025252619465357], [2e-05, 0.5812666307529611, 0.9864280521406573], [2e-05, 0.5592537118112585, 0.9490708971114976], [2e-05, 0.5380741166685802, 0.9131279391923207], [2e-05, 0.5176965741399872, 0.8785461094327157], [2e-05, 0.498090768410069, 0.8452739601978132], [2e-05, 0.4792274842117833, 0.8132619115448984], [2e-05, 0.4610786028457727, 0.7824622444679683], [2e-05, 0.4436170684871974, 0.7528290437185433], [2e-05, 0.4268168495608664, 0.724318132257102], [2e-05, 0.4106529002887742, 0.6968870059971006], [2e-05, 0.39510112342569254, 0.6704947705651874], [2e-05, 0.3801383343503054, 0.645102080361849], [2e-05, 0.3657422265047188, 0.620671079910326], [2e-05, 0.3518913381404599, 0.5971653474227115]], "DETR": [[0.74, 0.74, 0.74], [0.74, 0.74, 0.74], [0.74, 0.74, 0.74], [0.74, 0.74, 0.74], [0.74, 0.74, 0.74], [0.74, 0.74, 0.74], [0.74, 0.74, 0.74], [0.74, 0.74, 0.74], [0.74, 0.74, 0.74], [0.74, 0.74, 0.74], [0.74, 0.74, 0.74], [0.74, 0.74, 0.74], [0.74, 0.74, 0.74], [0.74, 0.74, 0.74], [0.74, 0.74, 0.74], [0.74, 0.74, 0.74], [0.74, 0.74, 0.74], [0.74, 0.74, 0.74], [0.74, 0.74, 0.74], [0.74, 0.74, 0.74]], "FAR": [[0.3, 0.3, 0.3], [0.3, 0.3, 0.3], [0.3, 0.3, 0.3], [0.3, 0.3, 0.3], [0.3, 0.3, 0.3], [0.3, 0.3, 0.3], [0.3, 0.3, 0.3], [0.3, 0.3, 0.3], [0.3, 0.3, 0.3], [0.3, 0.3, 0.3], [0.3, 0.3, 0.3], [0.3, 0.3, 0.3], [0.3, 0.3, 0.3], [0.3, 0.3, 0.3], [0.3, 0.3, 0.3], [0.3, 0.3, 0.3], [0.3, 0.3, 0.3], [0.3, 0.3, 0.3], [0.3, 0.3, 0.3], [0.3, 0.3, 0.3]]}