{"Si_fit": [[-0.33358678051204826, -0.5352349858203154, -0.1093801588315319], [-0.32578775955540434, -0.518230390687319, -0.1093801588315319], [-0.3167646799339054, -0.4988124166415358, -0.1093801588315319], [-0.30785719853480636, -0.47990209735817607, -0.1093801588315319], [-0.2993185054166489, -0.4620071141077341, -0.1093801588315319], [-0.29118011529181126, -0.44515526282205353, -0.1093801588315319], [-0.2834295878388181, -0.4292856009924309, -0.1093801588315319], [-0.2760468562216062, -0.4143263495910759, -0.1093801588315319], [-0.2690115531150421, -0.40020967750571146, -0.1093801588315319], [-0.26230439934015104, -0.3868738838383824, -0.1093801588315319], [-0.2559073862978836, -0.37426315833069557, -0.1093801588315319], [-0.2498037218466706, -0.362326956467268, -0.1093801588315319], [-0.24397773736439443, -0.3510193830401706, -0.1093801588315319], [-0.23841479540201685, -0.34029864892520023, -0.1093801588315319], [-0.23310120497439082, -0.3301266020554272, -0.1093801588315319], [-0.22802414502876833, -0.32046832296969285, -0.1093801588315319], [-0.22317159541902493, -0.3112917750019394, -0.1093801588315319], [-0.21853227457035146, -0.30256750057388837, -0.1093801588315319], [-0.21409558307976995, -0.29426835650050365, -0.1093801588315319], [-0.2098515525869758, -0.28636928244378335, -0.1093801588315319]], "Sg_fit": [-0.1093801588315319, -0.1093801588315319, -0.1093801588315319, -0.1093801588315319, -0.1093801588315319, -0.1093801588315319, -0.1093801588315319, -0.1093801588315319, -0.1093801588315319, -0.1093801588315319, -0.1093801588315319, -0.1093801588315319, -0.1093801588315319, -0.1093801588315319, -0.1093801588315319, -0.1093801588315319, -0.1093801588315319, -0.1093801588315319, -0.1093801588315319, -0.1093801588315319], "L": [[0.7180724975558352, 1.0202907815370152, 0.2714084071152515], [0.7046725748426177, 0.9978243103043624, 0.2714084071152515], [0.6889946652681532, 0.9715385389621584, 0.2714084071152515], [0.6733314956086733, 0.9452774807383104, 0.2714084071152515], [0.6581411690219746, 0.9198091968848491, 0.2714084071152515], [0.6435011208474333, 0.8952635164210688, 0.2714084071152515], [0.6294103298005596, 0.8716387270491383, 0.2714084071152515], [0.6158521139106254, 0.8489068595767356, 0.2714084071152515], [0.6028071595287775, 0.8270355325084106, 0.2714084071152515], [0.5902562060800021, 0.8059924533329508, 0.2714084071152515], [0.5781805814213046, 0.7857463161113278, 0.2714084071152515], [0.5665622912603834, 0.766266951397121, 0.2714084071152515], [0.5553840167038452, 0.7475253221258236, 0.2714084071152515], [0.5446290935048796, 0.729493488821247, 0.2714084071152515], [0.5342814882733977, 0.7121445697091517, 0.2714084071152515], [0.524325774792357, 0.6954527010089158, 0.2714084071152515], [0.5147471110658357, 0.6793929984520586, 0.2714084071152515], [0.5055312172020139, 0.663941520200583, 0.2714084071152515], [0.49666435412664667, 0.6490752311577278, 0.2714084071152515], [0.4881333031012314, 0.6347719686278825, 0.2714084071152515]], "DETR": [[0.0, 0.0, 0.0], [0.0, 0.0, 0.0], [0.0, 0.0, 0.0], [0.0, 0.0, 0.0], [0.0, 0.0, 0.0], [0.0, 0.0, 0.0], [0.0, 0.0, 0.0], [0.0, 0.0, 0.0], [0.0, 0.0, 0.0], [0.0, 0.0, 0.0], [0.0, 0.0, 0.0], [0.0, 0.0, 0.0], [0.0, 0.0, 0.0], [0.0, 0.0, 0.0], [0.0, 0.0, 0.0], [0.0, 0.0, 0.0], [0.0, 0.0, 0.0], [0.0, 0.0, 0.0], [0.0, 0.0, 0.0], [0.0, 0.0, 0.0]], "FAR": [[0.5, 0.5, 0.5], [0.5, 0.5, 0.5], [0.5, 0.5, 0.5], [0.5, 0.5, 0.5], [0.5, 0.5, 0.5], [0.5, 0.5, 0.5], [0.5, 0.5, 0.5], [0.5, 0.5, 0.5], [0.5, 0.5, 0.5], [0.5, 0.5, 0.5], [0.5, 0.5, 0.5], [0.5, 0.5, 0.5], [0.5, 0.5, 0.5], [0.5, 0.5, 0.5], [0.5, 0.5, 0.5], [0.5, 0.5, 0.5], [0.5, 0.5, 0.5], [0.5, 0.5, 0.5], [0.5, 0.5, 0.5], [0.5, 0.5, 0.5]]}