{"node": 1, "alphas": [0.050517257993912656, 0.0, 0.0, 0.9494827420060873], "model_0": {"nlabel": 2, "ncomponent": 2, "means": [[3.039828673279419, 2.1991890683235975], [3.5384458171210182, 5.82548285810904]], "stds": [[0.9990805248568656, 0.9970071177439944], [0.9990740846280818, 0.9990762015761893]], "weights": [[0.49944406747817993, 0.5005559325218201], [0.5005450248718262, 0.49945497512817383]]}, "model_1": {"nlabel": 2, "ncomponent": 2, "means": [[2.4086550224002417, 0.7344099873778818], [4.76954112809387, 2.4207471476705247]], "stds": [[0.9935096844516821, 0.997937248059799], [0.9990742070752975, 0.9990739406431272]], "weights": [[0.5011032819747925, 0.4988967478275299], [0.5, 0.5]]}, "model_2": {"nlabel": 2, "ncomponent": 2, "means": [[3.5839375599065697, 2.981043659447122], [5.921189019367112, 3.0725984481573296]], "stds": [[0.9990743801799613, 0.9979373506963504], [0.9971388749279317, 0.9990743597466588]], "weights": [[0.49944406747817993, 0.5005559325218201], [0.5, 0.5]]}, "model_3": {"nlabel": 2, "ncomponent": 2, "means": [[3.691286408599779, 2.006371284165066], [7.527707646307051, 3.456116905792961]], "stds": [[0.9991151013459978, 0.9991149867985837], [0.9991426372272295, 0.9991424642768202]], "weights": [[0.5, 0.5], [0.5005200505256653, 0.49947991967201233]]}}