{"node": 0, "alphas": [0.2499914798366375, 0.24998283460207205, 0.25005729138297783, 0.24996839417831257], "model_0": {"nlabel": 2, "ncomponent": 2, "means": [[1.934035653646217, 0.7281979987739774], [4.109056887126338, 5.598373350853836]], "stds": [[0.9980979091491129, 0.9969200857561579], [0.9991293719995115, 0.9971712934576206]], "weights": [[0.5, 0.5], [0.5, 0.5]]}, "model_1": {"nlabel": 2, "ncomponent": 2, "means": [[1.5656418387245776, 0.6488036396705841], [6.814761375094831, 5.093684670601498]], "stds": [[0.9788005357939059, 0.9991110625581662], [0.9980744523971856, 0.9991289532448955]], "weights": [[0.5010566115379333, 0.49894335865974426], [0.5, 0.5]]}, "model_2": {"nlabel": 2, "ncomponent": 2, "means": [[1.9748491808541746, -0.33691671789859134], [4.220178107100918, 5.221995624704115]], "stds": [[0.9953847789036039, 0.9991158660391437], [0.9981648039000329, 0.9972543453465222]], "weights": [[0.5005266666412354, 0.49947336316108704], [0.5005105137825012, 0.4994894862174988]]}, "model_3": {"nlabel": 2, "ncomponent": 2, "means": [[0.997820648859522, 1.7077014386771399], [5.886776297999485, 4.779816795769237]], "stds": [[0.9948416146675158, 0.9980999355953136], [0.998006478417472, 0.9939584121996367]], "weights": [[0.4994688630104065, 0.5005311369895935], [0.4989411234855652, 0.5010588765144348]]}}